id,name,role,salary
3,Employee 3,QA Engineer,63000
8,Employee 8,QA Engineer,68000
13,Employee 13,QA Engineer,63000
18,Employee 18,QA Engineer,68000
23,Employee 23,QA Engineer,63000
28,Employee 28,QA Engineer,68000
33,Employee 33,QA Engineer,63000
38,Employee 38,QA Engineer,68000
43,Employee 43,QA Engineer,63000
48,Employee 48,QA Engineer,68000
53,Employee 53,QA Engineer,63000
58,Employee 58,QA Engineer,68000
63,Employee 63,QA Engineer,63000
68,Employee 68,QA Engineer,68000
73,Employee 73,QA Engineer,63000
78,Employee 78,QA Engineer,68000
83,Employee 83,QA Engineer,63000
88,Employee 88,QA Engineer,68000
93,Employee 93,QA Engineer,63000
98,Employee 98,QA Engineer,68000
103,Employee 103,QA Engineer,63000
108,Employee 108,QA Engineer,68000
113,Employee 113,QA Engineer,63000
118,Employee 118,QA Engineer,68000
123,Employee 123,QA Engineer,63000
128,Employee 128,QA Engineer,68000
133,Employee 133,QA Engineer,63000
138,Employee 138,QA Engineer,68000
143,Employee 143,QA Engineer,63000
148,Employee 148,QA Engineer,68000
153,Employee 153,QA Engineer,63000
158,Employee 158,QA Engineer,68000
163,Employee 163,QA Engineer,63000
168,Employee 168,QA Engineer,68000
173,Employee 173,QA Engineer,63000
178,Employee 178,QA Engineer,68000
183,Employee 183,QA Engineer,63000
188,Employee 188,QA Engineer,68000
193,Employee 193,QA Engineer,63000
198,Employee 198,QA Engineer,68000
203,Employee 203,QA Engineer,63000
208,Employee 208,QA Engineer,68000
213,Employee 213,QA Engineer,63000
218,Employee 218,QA Engineer,68000
223,Employee 223,QA Engineer,63000
228,Employee 228,QA Engineer,68000
233,Employee 233,QA Engineer,63000
238,Employee 238,QA Engineer,68000
243,Employee 243,QA Engineer,63000
248,Employee 248,QA Engineer,68000
253,Employee 253,QA Engineer,63000
258,Employee 258,QA Engineer,68000
263,Employee 263,QA Engineer,63000
268,Employee 268,QA Engineer,68000
273,Employee 273,QA Engineer,63000
278,Employee 278,QA Engineer,68000
283,Employee 283,QA Engineer,63000
288,Employee 288,QA Engineer,68000
293,Employee 293,QA Engineer,63000
298,Employee 298,QA Engineer,68000
303,Employee 303,QA Engineer,63000
308,Employee 308,QA Engineer,68000
313,Employee 313,QA Engineer,63000
318,Employee 318,QA Engineer,68000
323,Employee 323,QA Engineer,63000
328,Employee 328,QA Engineer,68000
333,Employee 333,QA Engineer,63000
338,Employee 338,QA Engineer,68000
343,Employee 343,QA Engineer,63000
348,Employee 348,QA Engineer,68000
353,Employee 353,QA Engineer,63000
358,Employee 358,QA Engineer,68000
363,Employee 363,QA Engineer,63000
368,Employee 368,QA Engineer,68000
